confidence,radius,position,id
0.0,120,"(270, 120)",043
0.0,120,"(345, 120)",043
0.0,120,"(420, 120)",043
0.0,120,"(495, 120)",043
0.0,120,"(570, 120)",043
0.0,120,"(645, 120)",043
0.0,120,"(195, 195)",043
0.0,120,"(270, 195)",043
0.0,120,"(345, 195)",043
0.0,120,"(420, 195)",043
0.0,120,"(495, 195)",043
0.0,120,"(570, 195)",043
0.0,120,"(645, 195)",043
0.0,120,"(195, 270)",043
0.0,120,"(270, 270)",043
0.0,120,"(345, 270)",043
0.0,120,"(420, 270)",043
0.0,120,"(495, 270)",043
0.0,120,"(570, 270)",043
0.0,120,"(645, 270)",043
0.0,120,"(195, 345)",043
0.0,120,"(270, 345)",043
0.0,120,"(345, 345)",043
0.0,120,"(420, 345)",043
0.0,120,"(495, 345)",043
0.0,120,"(570, 345)",043
0.0,120,"(645, 345)",043
0.0,120,"(270, 420)",043
0.0,120,"(345, 420)",043
0.0,120,"(420, 420)",043
0.0,120,"(495, 420)",043
0.0,120,"(570, 420)",043
0.3751166872828145,120,"(1095, 720)",043
0.3858473271858347,120,"(1020, 720)",043
0.3988721080656575,120,"(1095, 645)",043
0.43843904556965485,120,"(1020, 645)",043
0.4469735193781536,120,"(1095, 570)",043
0.45810876726549277,120,"(120, 120)",043
0.46845415316027195,120,"(1095, 495)",043
0.4879624585674464,120,"(195, 120)",043
0.4898447493054948,120,"(720, 120)",043
0.4966423119365501,120,"(1095, 420)",043
0.5056929820632451,120,"(1020, 570)",043
0.5110784143637659,120,"(945, 720)",043
0.513969087579747,120,"(120, 195)",043
0.5258350913718929,120,"(120, 270)",043
0.5284618339928022,120,"(795, 120)",043
0.5450261248223053,120,"(1095, 120)",043
0.5471597929999006,120,"(1020, 495)",043
0.5472142218648245,120,"(945, 645)",043
0.5534204490514718,120,"(720, 195)",043
0.5553064025858724,120,"(1095, 345)",043
0.5594319992654916,120,"(1020, 420)",043
0.5717162120502752,120,"(1095, 195)",043
0.5745952189833158,120,"(120, 345)",043
0.5878372379530867,120,"(1020, 120)",043
0.5879484044413731,120,"(795, 195)",043
0.5915240748206856,120,"(870, 120)",043
0.5960272497277328,120,"(1020, 345)",043
0.602385063120886,120,"(1095, 270)",043
0.6153653988301653,120,"(945, 570)",043
0.6176170934013485,120,"(1020, 195)",043
0.6178845887650826,120,"(720, 270)",043
0.6208741379439924,120,"(945, 120)",043
0.6326553506093332,120,"(1020, 270)",043
0.633192653584284,120,"(945, 420)",043
0.638520754310798,120,"(870, 195)",043
0.6397948851215823,120,"(120, 420)",043
0.6412861253630245,120,"(945, 345)",043
0.6448762276449109,120,"(795, 270)",043
0.6482846068754655,120,"(945, 495)",043
0.6529261414601853,120,"(945, 195)",043
0.6541832404711259,120,"(945, 270)",043
0.6633734903860659,120,"(195, 420)",043
0.6691439309182516,120,"(870, 270)",043
0.6737991712458182,120,"(720, 345)",043
0.675695747125598,120,"(870, 345)",043
0.6843649157764385,120,"(870, 720)",043
0.6858073692845579,120,"(870, 420)",043
0.6879458990862248,120,"(795, 345)",043
0.6904857560383252,120,"(870, 645)",043
0.7041482780996732,120,"(870, 495)",043
0.7071511789876065,120,"(645, 420)",043
0.7087156202948887,120,"(795, 420)",043
0.7095867837353883,120,"(870, 570)",043
0.7126629070333458,120,"(720, 420)",043
0.7231540105140779,120,"(795, 495)",043
0.724692923575123,120,"(120, 495)",043
0.730683952583738,120,"(195, 495)",043
0.7335591039917574,120,"(720, 495)",043
0.7349123553877192,120,"(795, 570)",043
0.7360198849753974,120,"(270, 495)",043
0.7418251911208402,120,"(645, 495)",043
0.742368800098123,120,"(345, 495)",043
0.7431443361478577,120,"(795, 645)",043
0.7454934274775009,120,"(120, 720)",043
0.7456666331694042,120,"(570, 495)",043
0.7462005324675421,120,"(120, 570)",043
0.7462567495751736,120,"(420, 495)",043
0.7463445752826326,120,"(495, 495)",043
0.7470290297903898,120,"(720, 570)",043
0.748213576117119,120,"(795, 720)",043
0.7494160816193461,120,"(120, 645)",043
0.756696965137177,120,"(720, 645)",043
0.7595971357737717,120,"(195, 570)",043
0.7598366188467189,120,"(645, 570)",043
0.7620094215296525,120,"(720, 720)",043
0.7678259891925279,120,"(195, 645)",043
0.7710100735708889,120,"(645, 645)",043
0.7712347012869284,120,"(195, 720)",043
0.7721862936421852,120,"(270, 570)",043
0.7733283478962362,120,"(570, 570)",043
0.7760673066698881,120,"(645, 720)",043
0.7846645996658859,120,"(345, 570)",043
0.7852318938257974,120,"(270, 645)",043
0.7863909389049571,120,"(495, 570)",043
0.7866395817019047,120,"(570, 645)",043
0.788385528805042,120,"(270, 720)",043
0.7905300535683246,120,"(570, 720)",043
0.7927136798035722,120,"(420, 570)",043
0.794297419181766,120,"(345, 720)",043
0.8006464508559038,120,"(420, 720)",043
0.8014656563348767,120,"(345, 645)",043
0.8018964654288552,120,"(495, 720)",043
0.8038703148288799,120,"(495, 645)",043
0.8190618885218514,120,"(420, 645)",043
0.2221743704415492,120,"(720, 720)",083
0.239710430169651,120,"(720, 645)",083
0.24046005605111262,120,"(645, 720)",083
0.2864202119505673,120,"(795, 720)",083
0.2946521695189352,120,"(795, 645)",083
0.32642196098466525,120,"(645, 645)",083
0.35324270648503797,120,"(870, 720)",083
0.3590633146476604,120,"(570, 720)",083
0.3785943791291773,120,"(1095, 720)",083
0.3791978905438733,120,"(870, 645)",083
0.38989008429832334,120,"(945, 720)",083
0.39335530737584756,120,"(1095, 645)",083
0.39352094108747787,120,"(1020, 720)",083
0.4199739498519604,120,"(1020, 645)",083
0.42444766861779626,120,"(945, 645)",083
0.43595862298869603,120,"(720, 570)",083
0.44369960843761214,120,"(795, 570)",083
0.46184959013216287,120,"(1095, 570)",083
0.463525821409865,120,"(1095, 195)",083
0.46873692179978277,120,"(1095, 270)",083
0.47319366020899023,120,"(1095, 120)",083
0.4888658980270717,120,"(570, 645)",083
0.4928820210020003,120,"(645, 570)",083
0.4955070716399005,120,"(1020, 570)",083
0.4997079695872681,120,"(870, 570)",083
0.5089729231057053,120,"(1095, 345)",083
0.5141072062558407,120,"(495, 720)",083
0.5219601885606004,120,"(1020, 120)",083
0.5225671740970235,120,"(945, 570)",083
0.5314151848149798,120,"(1020, 195)",083
0.5332367769786633,120,"(1095, 495)",083
0.5484501473917587,120,"(1020, 270)",083
0.5491674362017708,120,"(1095, 420)",083
0.5523741772630651,120,"(570, 345)",083
0.5545013824548094,120,"(195, 495)",083
0.5594129728134584,120,"(945, 120)",083
0.5653701412721507,120,"(120, 495)",083
0.5685265256110134,120,"(570, 420)",083
0.5698379511948023,120,"(195, 570)",083
0.5714141735371177,120,"(120, 570)",083
0.5743283380519861,120,"(495, 345)",083
0.575922786050277,120,"(1020, 495)",083
0.5772807091191005,120,"(1020, 345)",083
0.5783232069256005,120,"(870, 120)",083
0.5826951629812319,120,"(720, 120)",083
0.5828993860765059,120,"(645, 120)",083
0.5831700576434325,120,"(195, 420)",083
0.5833032339194386,120,"(795, 120)",083
0.5838827793130938,120,"(495, 420)",083
0.5839009171269552,120,"(945, 195)",083
0.5841442448242585,120,"(570, 120)",083
0.5843577047180912,120,"(495, 120)",083
0.5874286609377982,120,"(420, 120)",083
0.5913287567478536,120,"(645, 345)",083
0.591721516560895,120,"(270, 495)",083
0.5936787852944828,120,"(570, 570)",083
0.5961437041907284,120,"(345, 120)",083
0.5975730444352352,120,"(570, 270)",083
0.5988751021740615,120,"(645, 420)",083
0.6009362549950772,120,"(645, 495)",083
0.6019479153309675,120,"(720, 495)",083
0.6023758521234803,120,"(945, 270)",083
0.6025289151762868,120,"(1020, 420)",083
0.602760248223025,120,"(645, 195)",083
0.6050593698337241,120,"(720, 195)",083
0.605082089660806,120,"(270, 120)",083
0.6053531399844823,120,"(870, 195)",083
0.6062063289902244,120,"(570, 195)",083
0.6072294936071174,120,"(120, 645)",083
0.6073300359725444,120,"(120, 420)",083
0.6075200810680864,120,"(945, 495)",083
0.6076935678058183,120,"(270, 420)",083
0.6077155544712012,120,"(120, 120)",083
0.6085349131968184,120,"(795, 195)",083
0.609091984222825,120,"(495, 195)",083
0.609344976474518,120,"(795, 495)",083
0.6094603254920163,120,"(195, 120)",083
0.6097542119498109,120,"(570, 495)",083
0.6100903395241634,120,"(270, 570)",083
0.6104571638363132,120,"(645, 270)",083
0.6120177442409218,120,"(420, 195)",083
0.614666252792549,120,"(495, 270)",083
0.6157617449971108,120,"(120, 195)",083
0.6169074181341148,120,"(345, 195)",083
0.6173892415522508,120,"(945, 345)",083
0.6198533762570638,120,"(195, 195)",083
0.6203614075055008,120,"(270, 195)",083
0.6203790407587642,120,"(495, 645)",083
0.622135311530679,120,"(870, 270)",083
0.6241795724262639,120,"(120, 270)",083
0.6242064108902301,120,"(495, 495)",083
0.6251650449324998,120,"(720, 270)",083
0.625651835103134,120,"(870, 495)",083
0.626494356077926,120,"(945, 420)",083
0.6266043569415729,120,"(795, 270)",083
0.6283729495596853,120,"(120, 720)",083
0.629472265398381,120,"(420, 720)",083
0.6329439552650645,120,"(195, 270)",083
0.6338016474054101,120,"(120, 345)",083
0.6338604508705262,120,"(195, 645)",083
0.6339948726470286,120,"(420, 270)",083
0.6349088876019139,120,"(870, 345)",083
0.6369269623773615,120,"(720, 345)",083
0.6396575036664917,120,"(420, 345)",083
0.6398761720094263,120,"(195, 345)",083
0.6401108384787993,120,"(270, 270)",083
0.6413517144110581,120,"(345, 270)",083
0.6416590161739939,120,"(345, 495)",083
0.6434120171142901,120,"(870, 420)",083
0.6445305782930029,120,"(420, 420)",083
0.6446796559287281,120,"(270, 345)",083
0.646495775845164,120,"(795, 345)",083
0.6483354526271108,120,"(345, 420)",083
0.6503099350578394,120,"(195, 720)",083
0.6553128966205152,120,"(345, 570)",083
0.6557423423136135,120,"(720, 420)",083
0.6573673324546173,120,"(345, 345)",083
0.6588331721586959,120,"(795, 420)",083
0.6591576629476117,120,"(420, 495)",083
0.6674261641336174,120,"(495, 570)",083
0.6702590349028172,120,"(270, 645)",083
0.6712315668042398,120,"(270, 720)",083
0.6846177053856138,120,"(345, 720)",083
0.6863106830567854,120,"(420, 570)",083
0.6889758911879656,120,"(345, 645)",083
0.6977535358959684,120,"(420, 645)",083
0.30934676698104263,120,"(1095, 120)",119
0.3220725544466545,120,"(1020, 120)",119
0.3361823016441851,120,"(945, 120)",119
0.340916392057973,120,"(1020, 195)",119
0.3494160094527164,120,"(870, 120)",119
0.34968278161679783,120,"(945, 195)",119
0.35291906526279915,120,"(1095, 195)",119
0.3613895959099606,120,"(795, 120)",119
0.36376441423233274,120,"(870, 195)",119
0.37009869459288225,120,"(720, 120)",119
0.373462569314537,120,"(945, 270)",119
0.37705341052513264,120,"(795, 195)",119
0.37902051872452325,120,"(870, 270)",119
0.38798916704580255,120,"(345, 120)",119
0.38846005693998537,120,"(1020, 270)",119
0.3978326154020547,120,"(345, 195)",119
0.40236102343831315,120,"(795, 270)",119
0.4056267836273307,120,"(720, 195)",119
0.41204810429231925,120,"(270, 120)",119
0.42070448008884187,120,"(1095, 270)",119
0.4211831810055697,120,"(420, 270)",119
0.4221307433259107,120,"(870, 345)",119
0.42268985944665916,120,"(645, 120)",119
0.43221511784721534,120,"(945, 345)",119
0.4355400316489998,120,"(345, 270)",119
0.4430002988059566,120,"(420, 345)",119
0.44605112561895127,120,"(420, 195)",119
0.4480922011256719,120,"(270, 195)",119
0.4498452421625812,120,"(1020, 345)",119
0.4515177251588618,120,"(420, 120)",119
0.4531461138207319,120,"(120, 720)",119
0.45328469159392315,120,"(795, 345)",119
0.4619071381991366,120,"(1095, 645)",119
0.47083405695886815,120,"(720, 270)",119
0.4716404666015248,120,"(195, 120)",119
0.473115804276945,120,"(645, 195)",119
0.47351018626177116,120,"(1095, 570)",119
0.478695208289079,120,"(345, 345)",119
0.48133171436992994,120,"(1095, 345)",119
0.48957274560669306,120,"(120, 645)",119
0.49311548907338276,120,"(270, 270)",119
0.4932453863651628,120,"(495, 270)",119
0.4967255115167427,120,"(870, 420)",119
0.4981303692291692,120,"(1095, 495)",119
0.499532119900418,120,"(570, 120)",119
0.49984100730187153,120,"(1095, 720)",119
0.500377825927046,120,"(495, 345)",119
0.502243704360082,120,"(945, 420)",119
0.506125924623979,120,"(495, 120)",119
0.509564536482377,120,"(1020, 420)",119
0.5133961951654743,120,"(195, 195)",119
0.5141338522414881,120,"(120, 120)",119
0.516431969001572,120,"(1095, 420)",119
0.5175542008174618,120,"(645, 645)",119
0.5176147511699002,120,"(645, 570)",119
0.5243287811921888,120,"(795, 420)",119
0.5303659607155599,120,"(570, 570)",119
0.5308137848130954,120,"(720, 345)",119
0.5326088019531702,120,"(570, 645)",119
0.5365623653328357,120,"(195, 720)",119
0.5373753217835673,120,"(1020, 645)",119
0.5415170318770367,120,"(495, 195)",119
0.5447765714046728,120,"(645, 270)",119
0.5452820787628319,120,"(1020, 495)",119
0.5482889361052323,120,"(1020, 570)",119
0.5484248868562402,120,"(1020, 720)",119
0.5510415613491555,120,"(570, 195)",119
0.5520205195843385,120,"(120, 570)",119
0.5546441962904829,120,"(270, 345)",119
0.5550972005564333,120,"(870, 495)",119
0.5563973288673586,120,"(945, 495)",119
0.5593146358129273,120,"(120, 195)",119
0.5594340190096989,120,"(420, 420)",119
0.5631121504108109,120,"(570, 270)",119
0.5638681610251599,120,"(495, 420)",119
0.5648718390146914,120,"(720, 720)",119
0.565426363678335,120,"(645, 720)",119
0.5662668565336745,120,"(945, 570)",119
0.56673378494778,120,"(195, 645)",119
0.5672186850242359,120,"(195, 270)",119
0.5676311424480004,120,"(720, 645)",119
0.5725181980832115,120,"(945, 645)",119
0.5761242947435663,120,"(795, 495)",119
0.5763117535269169,120,"(570, 495)",119
0.5812211501257161,120,"(870, 570)",119
0.5829182252521297,120,"(795, 720)",119
0.5844362946337679,120,"(120, 270)",119
0.5854033991227958,120,"(720, 420)",119
0.5861351016064009,120,"(570, 345)",119
0.5876700092911219,120,"(345, 420)",119
0.5889530840429017,120,"(645, 495)",119
0.5892076732566198,120,"(945, 720)",119
0.5894469275444562,120,"(870, 645)",119
0.5911833231803498,120,"(720, 570)",119
0.594143616329165,120,"(120, 345)",119
0.5951615907477581,120,"(195, 345)",119
0.5989144474952551,120,"(795, 645)",119
0.5990034256530585,120,"(495, 570)",119
0.5996312478405421,120,"(795, 570)",119
0.6024392519407675,120,"(120, 495)",119
0.6030502247053046,120,"(870, 720)",119
0.605705565402536,120,"(195, 420)",119
0.6057155601154204,120,"(570, 720)",119
0.6068627870295971,120,"(495, 495)",119
0.6077165579362975,120,"(570, 420)",119
0.6078861420678184,120,"(120, 420)",119
0.608381168671764,120,"(645, 345)",119
0.6087457588184814,120,"(270, 420)",119
0.6094104234862806,120,"(195, 570)",119
0.6100850498707662,120,"(720, 495)",119
0.6184923319187101,120,"(195, 495)",119
0.6224779867645507,120,"(270, 720)",119
0.6257972263426569,120,"(495, 645)",119
0.6398948572067495,120,"(270, 495)",119
0.6416576152425809,120,"(645, 420)",119
0.6470334396322944,120,"(270, 645)",119
0.6593400901231172,120,"(345, 495)",119
0.6594325432986707,120,"(420, 495)",119
0.6618057618479409,120,"(270, 570)",119
0.6739553644268429,120,"(345, 720)",119
0.6865293262084441,120,"(495, 720)",119
0.6960271963553842,120,"(420, 570)",119
0.698547753002783,120,"(345, 570)",119
0.7019457572377253,120,"(420, 720)",119
0.7096702467148762,120,"(345, 645)",119
0.7254645959678786,120,"(420, 645)",119
0.323366549079182,120,"(1095, 120)",146
0.3347731652592927,120,"(1095, 195)",146
0.33841136969761687,120,"(1020, 120)",146
0.34491614446254476,120,"(1095, 270)",146
0.3497689170814634,120,"(1020, 495)",146
0.3507055653093494,120,"(1020, 195)",146
0.3526478167125893,120,"(945, 120)",146
0.3535930208388271,120,"(1095, 345)",146
0.3551042736550014,120,"(1020, 570)",146
0.35765719979394234,120,"(1095, 495)",146
0.3576721735718166,120,"(1095, 570)",146
0.35968926352590513,120,"(1095, 420)",146
0.361734925332536,120,"(1020, 270)",146
0.3623655103589381,120,"(1020, 420)",146
0.36523288898860623,120,"(1095, 645)",146
0.36588152452112055,120,"(870, 120)",146
0.3659243355136484,120,"(945, 195)",146
0.36673248720758556,120,"(945, 495)",146
0.3682985626422917,120,"(1095, 720)",146
0.37097708389824696,120,"(945, 570)",146
0.37108575420813883,120,"(1020, 345)",146
0.37127598588388966,120,"(945, 420)",146
0.3778721187124794,120,"(795, 120)",146
0.3779639496102334,120,"(945, 270)",146
0.3802299293007369,120,"(870, 195)",146
0.38159446348522025,120,"(1020, 645)",146
0.3878615265408202,120,"(1020, 720)",146
0.3880304809369079,120,"(945, 345)",146
0.38833134964379956,120,"(720, 120)",146
0.3921246712985242,120,"(870, 495)",146
0.39336127898160483,120,"(795, 195)",146
0.39341192241364026,120,"(870, 270)",146
0.3944899752887443,120,"(945, 645)",146
0.3949768348510358,120,"(120, 120)",146
0.39693125604426754,120,"(645, 120)",146
0.39727719185293187,120,"(195, 120)",146
0.39982123506298906,120,"(870, 570)",146
0.402392548377153,120,"(270, 120)",146
0.4033294582287811,120,"(570, 120)",146
0.4046104793001827,120,"(870, 420)",146
0.4049842865645809,120,"(720, 195)",146
0.4050183102241154,120,"(870, 345)",146
0.40673319837138644,120,"(345, 120)",146
0.40713004940026937,120,"(945, 720)",146
0.4072157565086847,120,"(495, 120)",146
0.4074252719074349,120,"(120, 195)",146
0.40781202822779117,120,"(795, 270)",146
0.40837342065761445,120,"(420, 120)",146
0.41363527626450874,120,"(195, 195)",146
0.4146903367364261,120,"(645, 195)",146
0.41923304761302616,120,"(120, 270)",146
0.4207951187137445,120,"(720, 270)",146
0.4208570799846267,120,"(795, 345)",146
0.4209397436971628,120,"(270, 195)",146
0.4220194860465518,120,"(570, 195)",146
0.42426339285163317,120,"(870, 645)",146
0.42596273147935404,120,"(345, 195)",146
0.42641627202830934,120,"(870, 720)",146
0.42652451681940284,120,"(495, 195)",146
0.42787516301508305,120,"(420, 195)",146
0.43011231878385375,120,"(195, 270)",146
0.4317760728821262,120,"(795, 420)",146
0.43186695765618976,120,"(645, 270)",146
0.4353941030477675,120,"(720, 345)",146
0.43721741456616864,120,"(120, 345)",146
0.43844242214850704,120,"(795, 495)",146
0.4391634196849709,120,"(270, 270)",146
0.44064200561024286,120,"(570, 270)",146
0.4446129289607147,120,"(795, 570)",146
0.44519735595242266,120,"(345, 270)",146
0.44554888927571057,120,"(795, 720)",146
0.44630736893936557,120,"(495, 270)",146
0.4468940940374119,120,"(195, 345)",146
0.44772692568194633,120,"(795, 645)",146
0.4478751813389178,120,"(420, 270)",146
0.4482578162722531,120,"(720, 420)",146
0.44862819828062983,120,"(645, 345)",146
0.4534099382114703,120,"(120, 420)",146
0.4568532098959243,120,"(270, 345)",146
0.4584783680292294,120,"(720, 495)",146
0.45950825618591096,120,"(570, 345)",146
0.4630615953595226,120,"(195, 420)",146
0.46353526702615583,120,"(120, 495)",146
0.4636216947580557,120,"(645, 420)",146
0.4642917379506818,120,"(345, 345)",146
0.4645001500167559,120,"(720, 720)",146
0.46514389472955914,120,"(720, 570)",146
0.46606303197946647,120,"(495, 345)",146
0.46727354854469816,120,"(720, 645)",146
0.46763878428206485,120,"(420, 345)",146
0.47230927466792283,120,"(120, 570)",146
0.473443928771097,120,"(270, 420)",146
0.47438335622796174,120,"(195, 495)",146
0.4758154522321588,120,"(645, 495)",146
0.4763919891122117,120,"(570, 420)",146
0.48278768196485244,120,"(345, 420)",146
0.48309941247334576,120,"(645, 720)",146
0.48394349451345653,120,"(645, 570)",146
0.4850051183348691,120,"(495, 420)",146
0.48677327074355403,120,"(645, 645)",146
0.48717642657191507,120,"(420, 420)",146
0.4882541598969834,120,"(270, 495)",146
0.4898451164542363,120,"(195, 570)",146
0.491225908595991,120,"(570, 495)",146
0.49697027776388825,120,"(120, 645)",146
0.5003535600069511,120,"(345, 495)",146
0.5009914515266953,120,"(570, 720)",146
0.5021139298713954,120,"(570, 570)",146
0.5025398425180183,120,"(495, 495)",146
0.5027269114624977,120,"(270, 570)",146
0.5059488213456166,120,"(420, 495)",146
0.5062690229513966,120,"(570, 645)",146
0.5168267194372294,120,"(345, 570)",146
0.5176175812926542,120,"(195, 645)",146
0.5179599521413087,120,"(495, 720)",146
0.5181494378429591,120,"(495, 570)",146
0.5189472578087744,120,"(270, 645)",146
0.5248926131152303,120,"(345, 720)",146
0.5256322214704299,120,"(420, 570)",146
0.5262669260749168,120,"(495, 645)",146
0.526298890814582,120,"(345, 645)",146
0.5266530230305048,120,"(420, 720)",146
0.5364322190788195,120,"(270, 720)",146
0.5396337185135107,120,"(120, 720)",146
0.542659644423882,120,"(420, 645)",146
0.5472415579914631,120,"(195, 720)",146
0.32541051411585115,120,"(195, 720)",174
0.3333766984843175,120,"(195, 645)",174
0.3446641801867816,120,"(120, 720)",174
0.369411595755021,120,"(120, 645)",174
0.37637300545078184,120,"(270, 720)",174
0.39540697805588093,120,"(270, 645)",174
0.49633813586777187,120,"(345, 720)",174
0.4975280869278059,120,"(1095, 120)",174
0.4997153755083187,120,"(195, 570)",174
0.5088371816967083,120,"(1095, 195)",174
0.5146562441111313,120,"(120, 570)",174
0.5153503310153424,120,"(345, 645)",174
0.5155595072659214,120,"(1020, 120)",174
0.5189801608999604,120,"(1095, 270)",174
0.525355438373885,120,"(1020, 195)",174
0.5276570372762427,120,"(1095, 345)",174
0.5346597349790742,120,"(1095, 420)",174
0.5358099161794262,120,"(1020, 270)",174
0.5366817863884445,120,"(270, 570)",174
0.5397886554692797,120,"(1095, 495)",174
0.54013852903374,120,"(945, 120)",174
0.5425906491533863,120,"(1095, 720)",174
0.5428805728021779,120,"(1095, 570)",174
0.543826163842469,120,"(1095, 645)",174
0.5453204721237334,120,"(1020, 345)",174
0.5454992218841691,120,"(945, 195)",174
0.5528499545184412,120,"(945, 270)",174
0.5530722967817701,120,"(1020, 420)",174
0.5587951656140429,120,"(1020, 495)",174
0.5619387538787408,120,"(1020, 720)",174
0.5622647685540538,120,"(1020, 570)",174
0.5625659808903785,120,"(945, 345)",174
0.5633290720312141,120,"(1020, 645)",174
0.5635029690842636,120,"(870, 120)",174
0.5665455250599986,120,"(120, 345)",174
0.567146502592122,120,"(120, 270)",174
0.5676090771274654,120,"(870, 195)",174
0.5712074136128955,120,"(945, 420)",174
0.572876284518125,120,"(870, 270)",174
0.5776649022464966,120,"(945, 495)",174
0.5806448537204743,120,"(870, 345)",174
0.5812425924919021,120,"(945, 720)",174
0.5816148542467608,120,"(945, 570)",174
0.5818752185012351,120,"(270, 120)",174
0.5828318024755015,120,"(945, 645)",174
0.5854775663983479,120,"(345, 120)",174
0.5863702953047935,120,"(795, 120)",174
0.5870355668396646,120,"(345, 345)",174
0.5870678549873415,120,"(195, 270)",174
0.5871886465402628,120,"(795, 195)",174
0.5878634433583081,120,"(270, 270)",174
0.590043775907645,120,"(870, 420)",174
0.5914155935949632,120,"(270, 345)",174
0.5944890218938201,120,"(795, 270)",174
0.5945638389099696,120,"(195, 120)",174
0.5955823931424533,120,"(495, 120)",174
0.5956381070353355,120,"(420, 345)",174
0.5958877034552287,120,"(720, 120)",174
0.5965180546673887,120,"(870, 495)",174
0.5970493411106947,120,"(420, 270)",174
0.597468356751151,120,"(645, 120)",174
0.597565791577482,120,"(570, 120)",174
0.5984764585250834,120,"(420, 120)",174
0.5993564917938837,120,"(270, 195)",174
0.5997546241709341,120,"(345, 195)",174
0.6001942885689181,120,"(495, 420)",174
0.6004802884657249,120,"(870, 720)",174
0.6009138697395341,120,"(870, 570)",174
0.6011677719041412,120,"(795, 345)",174
0.6013727424304678,120,"(195, 345)",174
0.6016614492218778,120,"(120, 195)",174
0.6023342650099355,120,"(870, 645)",174
0.6038190728584633,120,"(495, 345)",174
0.6042070587054734,120,"(720, 195)",174
0.604595764498113,120,"(345, 270)",174
0.6045958055180841,120,"(120, 120)",174
0.604621631154392,120,"(345, 570)",174
0.6067512849180143,120,"(420, 720)",174
0.6069654347184162,120,"(420, 420)",174
0.6079475982968231,120,"(195, 195)",174
0.6096862630504765,120,"(120, 495)",174
0.6109893758655963,120,"(795, 420)",174
0.6112495355776972,120,"(420, 195)",174
0.613388983452021,120,"(720, 270)",174
0.6135798902773986,120,"(495, 270)",174
0.6137556824803885,120,"(570, 195)",174
0.6138473882904368,120,"(495, 195)",174
0.6148678304901927,120,"(645, 195)",174
0.6155656071893159,120,"(570, 345)",174
0.615839908366835,120,"(270, 420)",174
0.6164695345853062,120,"(120, 420)",174
0.6173919232132313,120,"(795, 495)",174
0.6187304552628654,120,"(720, 345)",174
0.619495840242898,120,"(195, 495)",174
0.6196129057131262,120,"(795, 720)",174
0.6202778048731059,120,"(795, 570)",174
0.6218362960770012,120,"(795, 645)",174
0.6222204393078663,120,"(195, 420)",174
0.6230195658997267,120,"(720, 420)",174
0.6235065486906893,120,"(570, 420)",174
0.624192443470821,120,"(645, 270)",174
0.6245995213103079,120,"(345, 420)",174
0.6271167957332429,120,"(270, 495)",174
0.627463486999118,120,"(570, 270)",174
0.6282652382972274,120,"(645, 345)",174
0.6288325874574363,120,"(645, 420)",174
0.6362848661431735,120,"(720, 495)",174
0.6364456472213935,120,"(645, 495)",174
0.6385641664541715,120,"(720, 720)",174
0.6402415375617077,120,"(570, 495)",174
0.6411051317091849,120,"(720, 570)",174
0.6414077283867644,120,"(720, 645)",174
0.641884585648847,120,"(420, 645)",174
0.6497392847328116,120,"(495, 495)",174
0.6502255858750625,120,"(420, 495)",174
0.6522160860200791,120,"(345, 495)",174
0.6571634289107614,120,"(645, 720)",174
0.6590559063113665,120,"(495, 720)",174
0.6597666411748113,120,"(645, 570)",174
0.6616488213564803,120,"(645, 645)",174
0.6660939203213601,120,"(570, 570)",174
0.6698099082809115,120,"(570, 720)",174
0.6760217413318825,120,"(495, 645)",174
0.6769537719572785,120,"(495, 570)",174
0.6785592131911784,120,"(420, 570)",174
0.6793887720712197,120,"(570, 645)",174
0.0,120,"(645, 120)",228
0.0,120,"(720, 120)",228
0.0,120,"(795, 120)",228
0.0,120,"(870, 120)",228
0.0,120,"(945, 120)",228
0.0,120,"(1020, 120)",228
0.0,120,"(645, 195)",228
0.0,120,"(720, 195)",228
0.0,120,"(795, 195)",228
0.0,120,"(870, 195)",228
0.0,120,"(945, 195)",228
0.0,120,"(1020, 195)",228
0.0,120,"(720, 270)",228
0.0,120,"(795, 270)",228
0.0,120,"(870, 270)",228
0.0,120,"(945, 270)",228
0.2970567904839795,120,"(1095, 120)",228
0.3573835332846147,120,"(120, 720)",228
0.39679538302321105,120,"(1095, 195)",228
0.43169394211011164,120,"(570, 120)",228
0.44141184924454513,120,"(120, 645)",228
0.4439728613719946,120,"(495, 120)",228
0.4639801843066803,120,"(420, 120)",228
0.47648911721956166,120,"(495, 195)",228
0.4829397569694439,120,"(570, 195)",228
0.48894800442071606,120,"(1095, 270)",228
0.4924818243871602,120,"(195, 720)",228
0.5013987264730878,120,"(420, 195)",228
0.5076521703261554,120,"(120, 570)",228
0.5149010325529919,120,"(1020, 270)",228
0.5360068314386875,120,"(345, 120)",228
0.5460190744872341,120,"(1095, 345)",228
0.5517325179977086,120,"(495, 270)",228
0.555727323960601,120,"(645, 270)",228
0.5583270027894529,120,"(420, 270)",228
0.5637033764300556,120,"(345, 195)",228
0.5666112122805926,120,"(570, 270)",228
0.5774436416482869,120,"(1095, 495)",228
0.580372146593249,120,"(1095, 570)",228
0.5863606823238766,120,"(120, 495)",228
0.5863616192025245,120,"(195, 645)",228
0.5867595852259051,120,"(1020, 345)",228
0.5903733144244098,120,"(1020, 570)",228
0.5914537246753239,120,"(345, 270)",228
0.592585979097576,120,"(1095, 645)",228
0.5942175632134657,120,"(1095, 420)",228
0.5994600714816246,120,"(420, 345)",228
0.600558822049531,120,"(1020, 645)",228
0.6016981632516605,120,"(645, 345)",228
0.6033377258750707,120,"(495, 345)",228
0.6047818832796605,120,"(1020, 495)",228
0.6075412900209622,120,"(720, 345)",228
0.6079755597681039,120,"(345, 345)",228
0.6118239576405513,120,"(570, 345)",228
0.6125689851713976,120,"(1020, 720)",228
0.6188195085854712,120,"(945, 345)",228
0.6194546536273017,120,"(270, 720)",228
0.619637622875823,120,"(720, 645)",228
0.6206117993049397,120,"(645, 420)",228
0.6216539337268898,120,"(1095, 720)",228
0.6221289576847983,120,"(795, 345)",228
0.6249932594451596,120,"(270, 120)",228
0.6252975198293185,120,"(645, 645)",228
0.625396228019385,120,"(645, 720)",228
0.6255175347284369,120,"(1020, 420)",228
0.6285574158714444,120,"(945, 570)",228
0.6303346845725624,120,"(720, 420)",228
0.6336077700948047,120,"(720, 720)",228
0.6341205485302395,120,"(945, 720)",228
0.6343007180252108,120,"(345, 420)",228
0.6349830711422725,120,"(645, 495)",228
0.6358482630446775,120,"(570, 420)",228
0.6362610661979675,120,"(720, 570)",228
0.6372464384772097,120,"(645, 570)",228
0.6379073131916945,120,"(945, 495)",228
0.6430520966571174,120,"(870, 345)",228
0.6430908860006015,120,"(495, 420)",228
0.6440111950936332,120,"(945, 645)",228
0.6454996085822933,120,"(870, 720)",228
0.6455138617139404,120,"(720, 495)",228
0.6461007796765614,120,"(270, 195)",228
0.6465028824941595,120,"(420, 420)",228
0.6489405326425836,120,"(795, 720)",228
0.6498024603518847,120,"(270, 345)",228
0.650056852120557,120,"(195, 570)",228
0.6511443550704388,120,"(270, 420)",228
0.6516957783757582,120,"(945, 420)",228
0.6518389922549471,120,"(795, 645)",228
0.6555450661322364,120,"(270, 270)",228
0.65726126302694,120,"(570, 495)",228
0.65804805552395,120,"(795, 420)",228
0.6687446060441737,120,"(870, 645)",228
0.6699428432691004,120,"(570, 720)",228
0.6754931178252632,120,"(795, 570)",228
0.6759629618498819,120,"(195, 495)",228
0.676473361276299,120,"(870, 420)",228
0.6809090042326439,120,"(120, 420)",228
0.6822647037980919,120,"(495, 495)",228
0.6835258492259919,120,"(270, 495)",228
0.6849397072974166,120,"(570, 570)",228
0.6857847195163365,120,"(870, 495)",228
0.6865227648117943,120,"(795, 495)",228
0.6886010739698932,120,"(345, 495)",228
0.6897826613936151,120,"(870, 570)",228
0.6910071020220157,120,"(195, 420)",228
0.6938296522207592,120,"(195, 120)",228
0.6972927328441492,120,"(420, 495)",228
0.6990068138877977,120,"(270, 645)",228
0.6997117940463808,120,"(570, 645)",228
0.7047265332549978,120,"(195, 345)",228
0.7075382092905407,120,"(120, 120)",228
0.7103771584728946,120,"(270, 570)",228
0.712290907420287,120,"(195, 195)",228
0.7161872662995453,120,"(195, 270)",228
0.7247058651758403,120,"(120, 195)",228
0.7274874641199337,120,"(345, 720)",228
0.7401955426009751,120,"(120, 270)",228
0.7408987713677269,120,"(495, 570)",228
0.741252324454055,120,"(120, 345)",228
0.7424110563496962,120,"(495, 720)",228
0.7479229798716244,120,"(345, 570)",228
0.7603276921313057,120,"(420, 570)",228
0.767994391812278,120,"(495, 645)",228
0.7725853364512304,120,"(345, 645)",228
0.7787182227642923,120,"(420, 720)",228
0.7974321198193911,120,"(420, 645)",228
0.0,120,"(1020, 120)",236
0.0,120,"(1095, 120)",236
0.0,120,"(1020, 195)",236
0.0,120,"(1095, 195)",236
0.0,120,"(1020, 270)",236
0.0,120,"(1095, 270)",236
0.0,120,"(570, 345)",236
0.0,120,"(645, 345)",236
0.0,120,"(720, 345)",236
0.0,120,"(795, 345)",236
0.0,120,"(495, 420)",236
0.0,120,"(570, 420)",236
0.0,120,"(645, 420)",236
0.0,120,"(720, 420)",236
0.0,120,"(795, 420)",236
0.0,120,"(870, 420)",236
0.0,120,"(495, 495)",236
0.0,120,"(570, 495)",236
0.0,120,"(645, 495)",236
0.0,120,"(720, 495)",236
0.0,120,"(795, 495)",236
0.0,120,"(870, 495)",236
0.0,120,"(495, 570)",236
0.0,120,"(570, 570)",236
0.0,120,"(645, 570)",236
0.0,120,"(720, 570)",236
0.0,120,"(795, 570)",236
0.0,120,"(870, 570)",236
0.0,120,"(570, 645)",236
0.0,120,"(645, 645)",236
0.0,120,"(720, 645)",236
0.0,120,"(795, 645)",236
0.0,120,"(645, 720)",236
0.0,120,"(720, 720)",236
0.3673557748600615,120,"(345, 645)",236
0.3745028837029676,120,"(345, 720)",236
0.4265857134793686,120,"(420, 645)",236
0.42697396419411815,120,"(420, 720)",236
0.45816524874618364,120,"(345, 570)",236
0.46495323599909727,120,"(270, 720)",236
0.4693392084067138,120,"(270, 645)",236
0.4955809444021557,120,"(495, 120)",236
0.5003596245839772,120,"(270, 570)",236
0.5012604986869525,120,"(420, 120)",236
0.5022254695006496,120,"(420, 570)",236
0.5193811254160999,120,"(570, 120)",236
0.5203628548500593,120,"(345, 120)",236
0.537095595637342,120,"(420, 195)",236
0.538461880363909,120,"(495, 195)",236
0.5548191136188215,120,"(195, 720)",236
0.5560815386943405,120,"(270, 120)",236
0.5583535486195637,120,"(195, 570)",236
0.5639259170245847,120,"(195, 645)",236
0.5706582275214109,120,"(645, 120)",236
0.5738196239242103,120,"(120, 495)",236
0.576194648490467,120,"(195, 495)",236
0.5785402221488363,120,"(345, 195)",236
0.5811877658496393,120,"(120, 570)",236
0.5821953515385897,120,"(570, 195)",236
0.5834519414672665,120,"(270, 495)",236
0.583484478863558,120,"(1095, 645)",236
0.5839404225192031,120,"(1095, 720)",236
0.5846634280585685,120,"(495, 645)",236
0.5865859898985702,120,"(945, 120)",236
0.5891760618507191,120,"(345, 495)",236
0.5894706754749897,120,"(120, 720)",236
0.589729508596033,120,"(120, 645)",236
0.5898828756305252,120,"(495, 720)",236
0.5930156735337409,120,"(1020, 720)",236
0.5968621303245969,120,"(195, 120)",236
0.6014690386335557,120,"(1020, 645)",236
0.6026408029431726,120,"(1095, 570)",236
0.6070115722612923,120,"(945, 720)",236
0.6124517509930201,120,"(1095, 345)",236
0.6190958998756294,120,"(1095, 495)",236
0.6198813240516335,120,"(1020, 570)",236
0.6204847664764102,120,"(945, 645)",236
0.622412834124618,120,"(1095, 420)",236
0.6233212740499187,120,"(120, 420)",236
0.6233263745614522,120,"(495, 270)",236
0.6239124637888162,120,"(720, 120)",236
0.6242789460098725,120,"(420, 270)",236
0.625725485829286,120,"(270, 195)",236
0.6265028116143532,120,"(1020, 495)",236
0.6279251563743616,120,"(870, 720)",236
0.6295886911938596,120,"(945, 195)",236
0.6300832076796907,120,"(870, 120)",236
0.6309804426169301,120,"(1020, 345)",236
0.6320552847591674,120,"(1020, 420)",236
0.634129283753585,120,"(645, 195)",236
0.6363379262295927,120,"(945, 570)",236
0.6388946751415117,120,"(870, 645)",236
0.639883497254931,120,"(945, 495)",236
0.6401225983593384,120,"(420, 495)",236
0.6416574331773076,120,"(195, 420)",236
0.6430624350640585,120,"(120, 120)",236
0.6455046187369267,120,"(945, 420)",236
0.6470146228965541,120,"(945, 270)",236
0.6487095026810681,120,"(945, 345)",236
0.6529520744589995,120,"(795, 120)",236
0.6542888262435953,120,"(570, 270)",236
0.6545262217103837,120,"(870, 195)",236
0.6555508894699402,120,"(195, 195)",236
0.6605896490312857,120,"(795, 720)",236
0.6611682265724326,120,"(345, 270)",236
0.6652131249806408,120,"(870, 270)",236
0.6674359176367998,120,"(870, 345)",236
0.6705618362096479,120,"(795, 195)",236
0.6713047428153821,120,"(720, 195)",236
0.6727275007709905,120,"(270, 420)",236
0.6804284545900018,120,"(120, 195)",236
0.6815676798717835,120,"(795, 270)",236
0.6904612471221347,120,"(120, 345)",236
0.6908022365281083,120,"(645, 270)",236
0.6961517616787899,120,"(720, 270)",236
0.7050327522501195,120,"(270, 270)",236
0.7095846310843902,120,"(495, 345)",236
0.7109825677135286,120,"(345, 420)",236
0.7146075759661404,120,"(120, 270)",236
0.7155101150370673,120,"(420, 345)",236
0.7195849400443349,120,"(195, 345)",236
0.7212715050509952,120,"(195, 270)",236
0.7243241974127785,120,"(570, 720)",236
0.7353748557413128,120,"(345, 345)",236
0.7367510974418365,120,"(270, 345)",236
0.7427289354562174,120,"(420, 420)",236
0.0,120,"(570, 120)",409
0.0,120,"(645, 120)",409
0.0,120,"(720, 120)",409
0.0,120,"(795, 120)",409
0.0,120,"(870, 120)",409
0.0,120,"(945, 120)",409
0.0,120,"(1020, 120)",409
0.0,120,"(1095, 120)",409
0.0,120,"(570, 195)",409
0.0,120,"(645, 195)",409
0.0,120,"(720, 195)",409
0.0,120,"(795, 195)",409
0.0,120,"(870, 195)",409
0.0,120,"(945, 195)",409
0.0,120,"(1020, 195)",409
0.0,120,"(1095, 195)",409
0.0,120,"(570, 270)",409
0.0,120,"(645, 270)",409
0.0,120,"(720, 270)",409
0.0,120,"(795, 270)",409
0.0,120,"(870, 270)",409
0.0,120,"(945, 270)",409
0.0,120,"(1020, 270)",409
0.0,120,"(1095, 270)",409
0.0,120,"(570, 345)",409
0.0,120,"(645, 345)",409
0.0,120,"(720, 345)",409
0.0,120,"(795, 345)",409
0.0,120,"(870, 345)",409
0.0,120,"(945, 345)",409
0.0,120,"(1020, 345)",409
0.0,120,"(1095, 345)",409
0.0,120,"(645, 420)",409
0.0,120,"(720, 420)",409
0.0,120,"(795, 420)",409
0.0,120,"(870, 420)",409
0.0,120,"(945, 420)",409
0.0,120,"(1020, 420)",409
0.0,120,"(720, 495)",409
0.0,120,"(795, 495)",409
0.0,120,"(870, 495)",409
0.0,120,"(945, 495)",409
0.4828924711089161,120,"(270, 120)",409
0.48514123450559027,120,"(195, 120)",409
0.48650257809640474,120,"(120, 120)",409
0.49094894070224293,120,"(345, 120)",409
0.4997574140256698,120,"(270, 195)",409
0.5023236205821471,120,"(195, 195)",409
0.5055595424110524,120,"(120, 195)",409
0.5186443174900766,120,"(420, 120)",409
0.5195107598532329,120,"(345, 195)",409
0.5283565900997429,120,"(195, 270)",409
0.5328876325985081,120,"(495, 120)",409
0.5334560142953474,120,"(270, 270)",409
0.5416775004533488,120,"(120, 270)",409
0.5544824877387905,120,"(345, 270)",409
0.5590893579262418,120,"(570, 495)",409
0.5599060982053874,120,"(420, 195)",409
0.5619926800381359,120,"(1020, 570)",409
0.5641387485191958,120,"(1095, 420)",409
0.5675283799698214,120,"(945, 570)",409
0.5688720954405482,120,"(1020, 495)",409
0.5690250088950133,120,"(120, 345)",409
0.5699346953235556,120,"(120, 495)",409
0.5705796830326563,120,"(195, 345)",409
0.5733325388096301,120,"(1020, 645)",409
0.5733654590401195,120,"(945, 645)",409
0.5733765516804312,120,"(570, 420)",409
0.5736829328286736,120,"(120, 570)",409
0.5754570483620965,120,"(120, 420)",409
0.5802749584689036,120,"(570, 570)",409
0.5804627188663256,120,"(120, 645)",409
0.5811221024503513,120,"(945, 720)",409
0.581860197188368,120,"(420, 270)",409
0.5823922226140409,120,"(1095, 570)",409
0.5832213007799523,120,"(1020, 720)",409
0.5833662743561148,120,"(120, 720)",409
0.5862939899744677,120,"(1095, 495)",409
0.5901456076907189,120,"(195, 570)",409
0.5903298786848972,120,"(270, 345)",409
0.5906973870806352,120,"(495, 195)",409
0.5921169429142776,120,"(1095, 645)",409
0.5921609566291957,120,"(195, 645)",409
0.5923474466483601,120,"(495, 345)",409
0.5945169441277482,120,"(195, 720)",409
0.5949491260301042,120,"(645, 495)",409
0.5949550076375981,120,"(195, 420)",409
0.5969437603629734,120,"(495, 495)",409
0.601791622599574,120,"(195, 495)",409
0.6018019408726051,120,"(870, 645)",409
0.6018890937389719,120,"(495, 420)",409
0.6024243279760305,120,"(495, 270)",409
0.6045526246805604,120,"(870, 720)",409
0.6051244373730565,120,"(270, 645)",409
0.6057131167112568,120,"(270, 720)",409
0.6070774981323777,120,"(1095, 720)",409
0.607608372964295,120,"(870, 570)",409
0.6077950362961129,120,"(345, 345)",409
0.6078688243862721,120,"(420, 345)",409
0.6090582762010093,120,"(645, 570)",409
0.6093938992777521,120,"(495, 570)",409
0.6145537745022199,120,"(270, 570)",409
0.6235926877695015,120,"(345, 645)",409
0.627738503172234,120,"(345, 570)",409
0.6306490885021057,120,"(345, 720)",409
0.6313192196802642,120,"(270, 420)",409
0.6325374641915924,120,"(270, 495)",409
0.6342979295850558,120,"(420, 420)",409
0.6411286535313525,120,"(420, 495)",409
0.6420720169115985,120,"(345, 495)",409
0.6479679616692361,120,"(420, 570)",409
0.653897517779939,120,"(345, 420)",409
0.6546392839107341,120,"(495, 645)",409
0.6547923411416327,120,"(570, 645)",409
0.6631217406921945,120,"(795, 570)",409
0.6632715285136226,120,"(420, 645)",409
0.663275567467899,120,"(720, 570)",409
0.668744721930166,120,"(795, 645)",409
0.6711102471757779,120,"(795, 720)",409
0.672660186892482,120,"(645, 645)",409
0.6757998800957742,120,"(420, 720)",409
0.6965390411239434,120,"(495, 720)",409
0.7073257238477372,120,"(720, 645)",409
0.7118260765857893,120,"(570, 720)",409
0.7252880725873172,120,"(720, 720)",409
0.7338433780239513,120,"(645, 720)",409
0.0,120,"(1095, 420)",410
0.0,120,"(1020, 495)",410
0.0,120,"(1095, 495)",410
0.0,120,"(1020, 570)",410
0.0,120,"(1095, 570)",410
0.0,120,"(795, 645)",410
0.0,120,"(870, 645)",410
0.0,120,"(945, 645)",410
0.0,120,"(1020, 645)",410
0.0,120,"(1095, 645)",410
0.0,120,"(720, 720)",410
0.0,120,"(795, 720)",410
0.0,120,"(870, 720)",410
0.0,120,"(945, 720)",410
0.0,120,"(1020, 720)",410
0.0,120,"(1095, 720)",410
0.3072685312305172,120,"(1095, 345)",410
0.332857224653613,120,"(1020, 345)",410
0.3483582122654255,120,"(1095, 270)",410
0.35543764197219546,120,"(1020, 420)",410
0.38195385029466083,120,"(945, 420)",410
0.4090912045644143,120,"(1095, 195)",410
0.4108060473513937,120,"(945, 345)",410
0.42030992861490346,120,"(1020, 270)",410
0.4230253862123678,120,"(870, 420)",410
0.43159118965383475,120,"(870, 495)",410
0.4399745802179442,120,"(945, 495)",410
0.45217620666174996,120,"(795, 420)",410
0.4537443901234958,120,"(795, 495)",410
0.4639648747045343,120,"(795, 570)",410
0.4670086860434272,120,"(870, 345)",410
0.4759475744819274,120,"(870, 570)",410
0.4823431644616097,120,"(720, 495)",410
0.48517985199563607,120,"(1095, 120)",410
0.48660566822817924,120,"(720, 570)",410
0.4921321697472107,120,"(795, 345)",410
0.492651604013877,120,"(720, 420)",410
0.502067824272515,120,"(1020, 195)",410
0.5064291094712107,120,"(945, 270)",410
0.5198587611249625,120,"(945, 570)",410
0.5221223533970069,120,"(720, 645)",410
0.5250226953325288,120,"(645, 495)",410
0.5263774586681723,120,"(645, 570)",410
0.5273508230724618,120,"(720, 345)",410
0.5544519661637373,120,"(645, 420)",410
0.5545605859821854,120,"(870, 270)",410
0.5727200024660526,120,"(795, 270)",410
0.5729093210692827,120,"(1020, 120)",410
0.5765033360382937,120,"(645, 645)",410
0.5931216544675927,120,"(945, 195)",410
0.594312857994635,120,"(570, 570)",410
0.5958553680684333,120,"(645, 345)",410
0.5981179208814451,120,"(720, 270)",410
0.6001369308198522,120,"(570, 495)",410
0.6077673165971094,120,"(120, 720)",410
0.6128930751167578,120,"(195, 720)",410
0.6310383146263404,120,"(570, 645)",410
0.6342189057700436,120,"(570, 420)",410
0.6354807227968418,120,"(795, 195)",410
0.6380831310467923,120,"(870, 195)",410
0.6436001934053504,120,"(945, 120)",410
0.6448842816069417,120,"(645, 270)",410
0.6467702211693498,120,"(720, 195)",410
0.6503601647626178,120,"(495, 570)",410
0.6530826416471429,120,"(420, 720)",410
0.6531802427923503,120,"(645, 720)",410
0.6543849451218361,120,"(345, 720)",410
0.6548887160259753,120,"(870, 120)",410
0.6573194138654163,120,"(795, 120)",410
0.6584776518052128,120,"(270, 720)",410
0.6629685929824928,120,"(720, 120)",410
0.6652701672886228,120,"(495, 645)",410
0.6750232746167029,120,"(570, 345)",410
0.6756367484645316,120,"(495, 720)",410
0.6764985613752654,120,"(645, 195)",410
0.6770882594430069,120,"(645, 120)",410
0.67722933758952,120,"(120, 645)",410
0.6798720462082851,120,"(570, 120)",410
0.6800033610882288,120,"(495, 120)",410
0.6833001957976482,120,"(420, 120)",410
0.6837591615204766,120,"(495, 495)",410
0.6869922781870842,120,"(570, 720)",410
0.6885568931620156,120,"(345, 120)",410
0.691704099728534,120,"(270, 120)",410
0.6917367567011949,120,"(120, 120)",410
0.6926725083417928,120,"(195, 120)",410
0.6951853969845954,120,"(420, 570)",410
0.6963534070698784,120,"(570, 270)",410
0.6964554173124498,120,"(570, 195)",410
0.6970425994376004,120,"(420, 645)",410
0.6996226210566202,120,"(420, 195)",410
0.6997659227100411,120,"(495, 195)",410
0.7022244428359309,120,"(345, 195)",410
0.7032937237709157,120,"(120, 195)",410
0.7042458247078416,120,"(495, 420)",410
0.7047480778302309,120,"(270, 195)",410
0.7050617069512759,120,"(195, 195)",410
0.7092885786284703,120,"(345, 645)",410
0.7109813290538631,120,"(195, 645)",410
0.7118646485440466,120,"(270, 645)",410
0.7144728647339227,120,"(120, 270)",410
0.7145772754209433,120,"(495, 270)",410
0.7167397097754085,120,"(345, 270)",410
0.7171832050434008,120,"(420, 270)",410
0.7173306669773237,120,"(195, 270)",410
0.7179587375599374,120,"(270, 270)",410
0.7180539911304051,120,"(495, 345)",410
0.7243026042241766,120,"(345, 570)",410
0.7249511914711293,120,"(120, 345)",410
0.7292063821991894,120,"(195, 345)",410
0.7311267012252144,120,"(345, 345)",410
0.7311807313883406,120,"(270, 345)",410
0.7327192023649891,120,"(420, 345)",410
0.7344405103566853,120,"(120, 420)",410
0.735272824612721,120,"(120, 570)",410
0.7377222220674449,120,"(420, 495)",410
0.7379782403951244,120,"(270, 570)",410
0.739021698383401,120,"(195, 570)",410
0.7404061866796233,120,"(195, 420)",410
0.7424097109811041,120,"(420, 420)",410
0.7445395835217652,120,"(270, 420)",410
0.7457417305154547,120,"(120, 495)",410
0.7463609666651988,120,"(345, 420)",410
0.7495852522168432,120,"(195, 495)",410
0.7532685007720202,120,"(345, 495)",410
0.7601073030642044,120,"(270, 495)",410
0.0,120,"(945, 120)",412
0.0,120,"(1020, 120)",412
0.0,120,"(1095, 120)",412
0.0,120,"(870, 195)",412
0.0,120,"(945, 195)",412
0.0,120,"(1020, 195)",412
0.0,120,"(1095, 195)",412
0.0,120,"(870, 270)",412
0.0,120,"(945, 270)",412
0.0,120,"(1020, 270)",412
0.0,120,"(1095, 270)",412
0.0,120,"(870, 345)",412
0.0,120,"(945, 345)",412
0.0,120,"(1020, 345)",412
0.0,120,"(1095, 345)",412
0.0,120,"(945, 420)",412
0.0,120,"(1020, 420)",412
0.0,120,"(1095, 420)",412
0.5439621169441438,120,"(870, 420)",412
0.5460164794582458,120,"(270, 720)",412
0.5515010643792069,120,"(195, 720)",412
0.5564071780438851,120,"(345, 720)",412
0.5629026103918997,120,"(945, 495)",412
0.5652651900955046,120,"(1095, 495)",412
0.5680979473564094,120,"(1095, 570)",412
0.5732702829400139,120,"(120, 720)",412
0.575850780259114,120,"(870, 495)",412
0.5773565928434577,120,"(1095, 645)",412
0.5874191512788967,120,"(870, 120)",412
0.5874682827457012,120,"(120, 645)",412
0.5930439074188317,120,"(1020, 495)",412
0.595333374788312,120,"(570, 120)",412
0.5971058166238936,120,"(1095, 720)",412
0.6009870066493005,120,"(120, 420)",412
0.6014063998036886,120,"(795, 345)",412
0.6044609093889567,120,"(570, 495)",412
0.604505623720765,120,"(645, 120)",412
0.6053767716115322,120,"(495, 420)",412
0.607803593681094,120,"(120, 570)",412
0.6095275023695398,120,"(495, 120)",412
0.6098001778427142,120,"(795, 420)",412
0.6098229869052879,120,"(120, 495)",412
0.6105128073231469,120,"(270, 345)",412
0.6105206847709177,120,"(120, 345)",412
0.6107053656139999,120,"(720, 120)",412
0.6119924572140696,120,"(795, 120)",412
0.6131731778651988,120,"(570, 420)",412
0.6132850685142188,120,"(795, 195)",412
0.6138274613333234,120,"(195, 345)",412
0.6147732193238554,120,"(345, 345)",412
0.6162412360900458,120,"(795, 270)",412
0.6192276841011295,120,"(1020, 570)",412
0.6203919056488841,120,"(945, 570)",412
0.620477947754662,120,"(195, 645)",412
0.6210736940147039,120,"(495, 495)",412
0.622223221033153,120,"(420, 420)",412
0.6272179733988286,120,"(570, 570)",412
0.6287788323521313,120,"(420, 345)",412
0.628954108266648,120,"(1020, 645)",412
0.6313104835507679,120,"(795, 495)",412
0.6319550937931604,120,"(720, 195)",412
0.6328409483377806,120,"(870, 570)",412
0.6346714841256081,120,"(495, 345)",412
0.6369769052622023,120,"(645, 195)",412
0.6381563471377606,120,"(645, 495)",412
0.6390470287391569,120,"(1020, 720)",412
0.6414650870438173,120,"(945, 645)",412
0.6428402362483009,120,"(270, 270)",412
0.6459798774573521,120,"(570, 345)",412
0.6466674036069251,120,"(495, 570)",412
0.6480579579789131,120,"(195, 420)",412
0.6480995482066518,120,"(645, 420)",412
0.6486488814141724,120,"(420, 120)",412
0.6499190284714418,120,"(945, 720)",412
0.6503681113096655,120,"(195, 270)",412
0.6511477776199446,120,"(345, 420)",412
0.6514221446810524,120,"(570, 195)",412
0.652747319347247,120,"(720, 270)",412
0.6529801838092213,120,"(345, 270)",412
0.6554177116127634,120,"(645, 570)",412
0.6565283401852209,120,"(420, 720)",412
0.6589307356844438,120,"(870, 645)",412
0.6590548225803663,120,"(570, 270)",412
0.6603378735194683,120,"(645, 270)",412
0.6604294137470699,120,"(720, 345)",412
0.6631592337093011,120,"(495, 270)",412
0.6638502017608667,120,"(270, 645)",412
0.6651585649988363,120,"(120, 270)",412
0.6662325405106373,120,"(720, 420)",412
0.6665625238994032,120,"(720, 495)",412
0.6666137474888795,120,"(420, 270)",412
0.6675106174918127,120,"(645, 345)",412
0.669640812016675,120,"(270, 420)",412
0.6708605957465857,120,"(870, 720)",412
0.6730573590733586,120,"(420, 495)",412
0.6739630540260719,120,"(495, 195)",412
0.674508866299304,120,"(795, 570)",412
0.6776522730905989,120,"(495, 645)",412
0.678946141861786,120,"(345, 645)",412
0.6828084174112399,120,"(720, 570)",412
0.6835673401521017,120,"(195, 495)",412
0.6866538257931967,120,"(345, 120)",412
0.6904191424845237,120,"(195, 570)",412
0.6944678337029262,120,"(795, 645)",412
0.6946894499558287,120,"(420, 195)",412
0.6947604371001589,120,"(570, 645)",412
0.6970455127860121,120,"(270, 195)",412
0.6971601681637135,120,"(345, 195)",412
0.6981613380838202,120,"(420, 570)",412
0.6996280825860901,120,"(420, 645)",412
0.7063414938936425,120,"(195, 195)",412
0.708050480128106,120,"(645, 645)",412
0.7132168594901005,120,"(795, 720)",412
0.7156317803739907,120,"(720, 645)",412
0.7166703455991368,120,"(120, 195)",412
0.717192269174824,120,"(270, 120)",412
0.7195392024153471,120,"(495, 720)",412
0.7262139248411194,120,"(345, 495)",412
0.7263638167295183,120,"(120, 120)",412
0.733447460298259,120,"(195, 120)",412
0.7395915654883667,120,"(270, 495)",412
0.7521734388019304,120,"(720, 720)",412
0.7613677278408556,120,"(345, 570)",412
0.7619642656419434,120,"(570, 720)",412
0.7637824407626818,120,"(270, 570)",412
0.7672671880381827,120,"(645, 720)",412
0.0,120,"(720, 120)",413
0.0,120,"(795, 120)",413
0.0,120,"(870, 120)",413
0.0,120,"(945, 120)",413
0.0,120,"(1020, 120)",413
0.0,120,"(1095, 120)",413
0.0,120,"(645, 195)",413
0.0,120,"(720, 195)",413
0.0,120,"(795, 195)",413
0.0,120,"(870, 195)",413
0.0,120,"(945, 195)",413
0.0,120,"(1020, 195)",413
0.0,120,"(1095, 195)",413
0.0,120,"(720, 270)",413
0.0,120,"(795, 270)",413
0.0,120,"(870, 270)",413
0.0,120,"(945, 270)",413
0.0,120,"(1020, 270)",413
0.0,120,"(1095, 270)",413
0.0,120,"(720, 345)",413
0.0,120,"(795, 345)",413
0.0,120,"(870, 345)",413
0.0,120,"(945, 345)",413
0.0,120,"(1020, 345)",413
0.0,120,"(1095, 345)",413
0.0,120,"(870, 420)",413
0.0,120,"(945, 420)",413
0.0,120,"(1020, 420)",413
0.0,120,"(1095, 420)",413
0.492312227808247,120,"(420, 120)",413
0.501530257358717,120,"(345, 120)",413
0.5215776471545961,120,"(345, 495)",413
0.5268670574978759,120,"(270, 495)",413
0.5346008551020242,120,"(270, 120)",413
0.5378558166290904,120,"(495, 120)",413
0.5439080345408425,120,"(270, 420)",413
0.5439538390495096,120,"(420, 195)",413
0.549032335858379,120,"(345, 420)",413
0.5501449625585333,120,"(495, 195)",413
0.5501508805374234,120,"(420, 495)",413
0.5547910124624735,120,"(1095, 570)",413
0.5556411185662588,120,"(1020, 645)",413
0.5567351517590857,120,"(195, 420)",413
0.5569052838865988,120,"(1020, 570)",413
0.5601399527474239,120,"(1095, 645)",413
0.5675404895033905,120,"(195, 120)",413
0.5682484581991201,120,"(195, 495)",413
0.5700794891850323,120,"(1020, 495)",413
0.5710291992436672,120,"(945, 645)",413
0.5710817759904536,120,"(570, 195)",413
0.5711268088863402,120,"(645, 270)",413
0.5714509314505319,120,"(1095, 495)",413
0.5716571923938557,120,"(120, 420)",413
0.5760248546261364,120,"(570, 270)",413
0.5760839160670957,120,"(345, 570)",413
0.5763036208622038,120,"(1020, 720)",413
0.5765275688115216,120,"(420, 420)",413
0.5766319687213407,120,"(945, 570)",413
0.5766928093910731,120,"(120, 495)",413
0.5777492321153865,120,"(345, 195)",413
0.5807784385300419,120,"(645, 345)",413
0.5837569020110174,120,"(1095, 720)",413
0.5882098260162946,120,"(570, 120)",413
0.5882161243843372,120,"(270, 570)",413
0.5883526168448838,120,"(120, 570)",413
0.5896627290115574,120,"(945, 720)",413
0.5896633893037745,120,"(945, 495)",413
0.5928395171773421,120,"(420, 570)",413
0.5951003559808714,120,"(120, 645)",413
0.5970014515750532,120,"(195, 570)",413
0.5977139631197568,120,"(120, 720)",413
0.5981372889661768,120,"(495, 270)",413
0.6003852447396573,120,"(120, 120)",413
0.6027786367522827,120,"(645, 420)",413
0.6029322521154431,120,"(645, 120)",413
0.6064015457997093,120,"(195, 645)",413
0.6074991250673092,120,"(195, 345)",413
0.6085989888249899,120,"(195, 720)",413
0.6087465655425077,120,"(570, 345)",413
0.6106493425498871,120,"(120, 345)",413
0.6111925277603684,120,"(495, 495)",413
0.6169887432358199,120,"(270, 195)",413
0.6171523337587579,120,"(270, 345)",413
0.6173710629206951,120,"(270, 645)",413
0.6185535190603875,120,"(495, 570)",413
0.6190115321992373,120,"(270, 720)",413
0.6212345799169349,120,"(495, 420)",413
0.6221419900104324,120,"(495, 720)",413
0.6235773805141843,120,"(720, 420)",413
0.6236310161481171,120,"(345, 345)",413
0.6269609458851972,120,"(420, 270)",413
0.6270473494974439,120,"(570, 420)",413
0.6274488306544099,120,"(345, 645)",413
0.6278487640997991,120,"(345, 720)",413
0.628635149848084,120,"(495, 645)",413
0.6298141676940012,120,"(570, 495)",413
0.6303308703687498,120,"(870, 720)",413
0.6309075556635508,120,"(420, 720)",413
0.6343593804473348,120,"(870, 645)",413
0.6354376566205103,120,"(645, 495)",413
0.6380875378672282,120,"(870, 570)",413
0.6381931759770542,120,"(495, 345)",413
0.638875784639957,120,"(870, 495)",413
0.6405622120671814,120,"(570, 570)",413
0.6413306930717387,120,"(420, 345)",413
0.641528336340427,120,"(420, 645)",413
0.6417914996610176,120,"(195, 195)",413
0.642013965145646,120,"(795, 420)",413
0.6467425930166303,120,"(570, 645)",413
0.6515081324613833,120,"(570, 720)",413
0.6557216337542051,120,"(720, 495)",413
0.6557651014159565,120,"(345, 270)",413
0.6595569878267652,120,"(795, 495)",413
0.6602016712164835,120,"(195, 270)",413
0.6612600918523128,120,"(270, 270)",413
0.6627327588308206,120,"(120, 270)",413
0.6683143771869744,120,"(120, 195)",413
0.6766585360852017,120,"(645, 570)",413
0.6846020841811125,120,"(795, 570)",413
0.6891379945239638,120,"(645, 645)",413
0.6909915148108078,120,"(795, 720)",413
0.6953404406028159,120,"(720, 570)",413
0.6962051610476643,120,"(795, 645)",413
0.7091287738862472,120,"(645, 720)",413
0.7276912035193493,120,"(720, 645)",413
0.7322849431404002,120,"(720, 720)",413
0.0023408264356425735,120,"(1095, 195)",464
0.0025834653642430316,120,"(1020, 120)",464
0.009858911877542731,120,"(1095, 120)",464
0.010109722156309852,120,"(1020, 195)",464
0.018438176944465322,120,"(1095, 270)",464
0.022935348556823842,120,"(1020, 270)",464
0.024937314475970272,120,"(945, 195)",464
0.02524186145116165,120,"(945, 120)",464
0.032884185649494156,120,"(870, 120)",464
0.03714692315961325,120,"(795, 120)",464
0.037828521504701215,120,"(1095, 345)",464
0.037958123997858695,120,"(945, 270)",464
0.03917388910963304,120,"(870, 195)",464
0.04725991407257963,120,"(720, 120)",464
0.050832669387467,120,"(1020, 345)",464
0.05270062960010378,120,"(795, 195)",464
0.0538605725832058,120,"(870, 270)",464
0.05441973240320694,120,"(1095, 420)",464
0.056147035389309645,120,"(195, 120)",464
0.05695549303225467,120,"(645, 120)",464
0.06138701127420012,120,"(270, 120)",464
0.06201371949331609,120,"(120, 120)",464
0.06407852635628739,120,"(570, 120)",464
0.06429913980458428,120,"(720, 195)",464
0.0653307197069467,120,"(120, 195)",464
0.06566181481158573,120,"(345, 120)",464
0.06721716454521835,120,"(1095, 495)",464
0.0676142616479381,120,"(420, 120)",464
0.06791317729681504,120,"(495, 120)",464
0.07148148553819508,120,"(795, 270)",464
0.07276741338847231,120,"(195, 195)",464
0.07474982601876888,120,"(945, 720)",464
0.07506695109024575,120,"(645, 195)",464
0.07819333900758581,120,"(120, 270)",464
0.07854983339160486,120,"(945, 645)",464
0.08006205066287653,120,"(270, 195)",464
0.08036167531105161,120,"(1020, 420)",464
0.08150731857455487,120,"(945, 345)",464
0.08276855417405805,120,"(570, 195)",464
0.0844318608414018,120,"(720, 270)",464
0.08489134791955337,120,"(345, 195)",464
0.0853458246740562,120,"(870, 720)",464
0.08616224920377512,120,"(1020, 495)",464
0.08717792341725142,120,"(795, 345)",464
0.08727363695832846,120,"(495, 195)",464
0.08734183758805539,120,"(420, 195)",464
0.08759058972325978,120,"(870, 345)",464
0.08769552205572062,120,"(870, 645)",464
0.08910736899145323,120,"(1020, 570)",464
0.08954674627685315,120,"(195, 270)",464
0.09191417388554145,120,"(120, 345)",464
0.09243762661545901,120,"(645, 270)",464
0.09526132542223101,120,"(945, 570)",464
0.09808485854930525,120,"(270, 270)",464
0.09937458864565174,120,"(720, 345)",464
0.10076979733407831,120,"(570, 270)",464
0.10401310761271688,120,"(345, 270)",464
0.10442579737477885,120,"(120, 420)",464
0.10480954661679172,120,"(795, 720)",464
0.10502209870015583,120,"(195, 345)",464
0.10586204683381226,120,"(495, 270)",464
0.10635306681936728,120,"(420, 270)",464
0.10838039682075888,120,"(795, 645)",464
0.10846346360041866,120,"(1020, 720)",464
0.10891980651355655,120,"(870, 570)",464
0.1098794366615845,120,"(645, 345)",464
0.11230685292078924,120,"(720, 420)",464
0.11323434149230692,120,"(795, 570)",464
0.11436336496575147,120,"(120, 495)",464
0.11490757916170334,120,"(795, 420)",464
0.11569642358561484,120,"(270, 345)",464
0.11640529616357302,120,"(1020, 645)",464
0.11724300250724382,120,"(570, 345)",464
0.11867082543029962,120,"(945, 420)",464
0.11943100885191935,120,"(720, 495)",464
0.11948783839382739,120,"(195, 420)",464
0.12089926922314341,120,"(120, 570)",464
0.12113354774077723,120,"(795, 495)",464
0.12294937489627035,120,"(345, 345)",464
0.12295121521830474,120,"(645, 420)",464
0.12353897270939415,120,"(1095, 570)",464
0.12378253895494104,120,"(495, 345)",464
0.12505763054505695,120,"(945, 495)",464
0.12566858621816737,120,"(720, 720)",464
0.12580454923522852,120,"(420, 345)",464
0.1271036326643694,120,"(720, 570)",464
0.12917108082201237,120,"(720, 645)",464
0.13029309984376425,120,"(870, 420)",464
0.13140011140024885,120,"(120, 645)",464
0.13150218332181282,120,"(195, 495)",464
0.13232807544778524,120,"(270, 420)",464
0.1326980571680285,120,"(870, 495)",464
0.1342321105690688,120,"(570, 420)",464
0.13499642807885548,120,"(645, 495)",464
0.13964422047418154,120,"(195, 570)",464
0.14152718488443672,120,"(345, 420)",464
0.1415757884809147,120,"(195, 720)",464
0.14261763782082093,120,"(495, 420)",464
0.14271687837312355,120,"(195, 645)",464
0.14428215181506784,120,"(645, 720)",464
0.1450273059893039,120,"(1095, 645)",464
0.1453017266408547,120,"(420, 420)",464
0.14581548918388898,120,"(645, 570)",464
0.14705659663393406,120,"(270, 495)",464
0.14867080302086821,120,"(645, 645)",464
0.1487548249537229,120,"(1095, 720)",464
0.14950162568957823,120,"(570, 495)",464
0.15683067207053444,120,"(270, 720)",464
0.1579541352474242,120,"(270, 570)",464
0.1592821764471504,120,"(345, 495)",464
0.16014766993779986,120,"(570, 720)",464
0.16083433573397696,120,"(495, 495)",464
0.16181890887925796,120,"(270, 645)",464
0.16212630825577956,120,"(570, 570)",464
0.16403668671224325,120,"(120, 720)",464
0.16479234710382293,120,"(420, 495)",464
0.1668703786480595,120,"(570, 645)",464
0.1728389663564764,120,"(345, 720)",464
0.17459891398046617,120,"(345, 570)",464
0.1751489426398104,120,"(495, 720)",464
0.17706801607923134,120,"(495, 570)",464
0.18130334969059916,120,"(345, 645)",464
0.1816647114938062,120,"(420, 720)",464
0.1842554268564346,120,"(420, 570)",464
0.18467641653897218,120,"(495, 645)",464
0.2004044809605612,120,"(420, 645)",464
0.1088467442567176,120,"(1020, 195)",470
0.14583603826489266,120,"(945, 195)",470
0.14991894030236844,120,"(1020, 270)",470
0.18590928725595496,120,"(945, 270)",470
0.22033520161186804,120,"(1020, 120)",470
0.2333237996532317,120,"(1095, 195)",470
0.2670522598724149,120,"(945, 120)",470
0.2753346794938536,120,"(1095, 120)",470
0.2761120582555971,120,"(1095, 270)",470
0.30328554040531414,120,"(1020, 345)",470
0.3427071060122037,120,"(945, 345)",470
0.3454024067815888,120,"(870, 195)",470
0.3655216830022036,120,"(870, 270)",470
0.3749658573624535,120,"(120, 120)",470
0.37698125581753567,120,"(1095, 345)",470
0.4028633600281335,120,"(870, 120)",470
0.4385057597466943,120,"(195, 120)",470
0.4493853511819468,120,"(870, 345)",470
0.45732523564015937,120,"(120, 195)",470
0.47032198943252257,120,"(795, 495)",470
0.47707785962054783,120,"(720, 495)",470
0.48413376105590317,120,"(1020, 420)",470
0.49079551905110874,120,"(795, 195)",470
0.4923908556884132,120,"(420, 195)",470
0.49264623316452366,120,"(795, 420)",470
0.49662211967146563,120,"(1095, 420)",470
0.4970646259706508,120,"(870, 420)",470
0.4974004530052538,120,"(945, 420)",470
0.5021424843691366,120,"(195, 195)",470
0.5113371877760372,120,"(345, 195)",470
0.5162118358306494,120,"(795, 270)",470
0.5181541899114247,120,"(345, 270)",470
0.5216765352914112,120,"(795, 345)",470
0.5238962689955019,120,"(270, 120)",470
0.5243534298734615,120,"(1020, 720)",470
0.5256623586392273,120,"(795, 120)",470
0.5259793852852862,120,"(795, 570)",470
0.5288739970317106,120,"(420, 120)",470
0.5296072082637808,120,"(1020, 645)",470
0.5306114624138851,120,"(420, 270)",470
0.5311999065334344,120,"(720, 420)",470
0.5316984072596047,120,"(870, 495)",470
0.5338014647075695,120,"(345, 120)",470
0.534685551663047,120,"(120, 270)",470
0.5379669974896653,120,"(270, 195)",470
0.540582282649178,120,"(495, 195)",470
0.5425385622371656,120,"(120, 345)",470
0.5449357850700745,120,"(120, 420)",470
0.5469370188428838,120,"(1095, 645)",470
0.5484444515314336,120,"(945, 720)",470
0.5496250077935059,120,"(945, 645)",470
0.5540011974885617,120,"(420, 345)",470
0.555235925473392,120,"(1095, 720)",470
0.5552982959316107,120,"(495, 345)",470
0.5557117952672919,120,"(720, 570)",470
0.56211180296986,120,"(1020, 570)",470
0.5623419456229002,120,"(1095, 570)",470
0.5647792151254728,120,"(270, 270)",470
0.565402024638064,120,"(495, 270)",470
0.5654843209926806,120,"(495, 120)",470
0.5674584944140706,120,"(720, 195)",470
0.5704538582605195,120,"(345, 345)",470
0.5707758226352139,120,"(720, 345)",470
0.5711937745863397,120,"(1095, 495)",470
0.5722167251689052,120,"(870, 570)",470
0.5732871814219864,120,"(720, 120)",470
0.5744335762280215,120,"(645, 495)",470
0.574625507708319,120,"(945, 570)",470
0.5765961819934148,120,"(120, 495)",470
0.5769128122671855,120,"(645, 420)",470
0.5776172760756801,120,"(195, 270)",470
0.5780052675535914,120,"(645, 120)",470
0.5791167129045235,120,"(495, 420)",470
0.579671547008129,120,"(645, 195)",470
0.5821890868003375,120,"(270, 645)",470
0.5868578031324541,120,"(645, 345)",470
0.5870230602919052,120,"(420, 420)",470
0.587095286567757,120,"(720, 270)",470
0.5872965686110365,120,"(570, 345)",470
0.5876309726285549,120,"(1020, 495)",470
0.588151204567984,120,"(570, 120)",470
0.588519306015548,120,"(420, 720)",470
0.5894902185410631,120,"(945, 495)",470
0.5920876874965121,120,"(195, 645)",470
0.5938005132447269,120,"(570, 195)",470
0.5966657302830619,120,"(270, 345)",470
0.5976646846632601,120,"(195, 570)",470
0.5979976325229187,120,"(270, 570)",470
0.6005250185064328,120,"(345, 720)",470
0.6009049550419714,120,"(495, 720)",470
0.60153468868266,120,"(570, 420)",470
0.6022008555954119,120,"(345, 420)",470
0.6025671875610807,120,"(645, 270)",470
0.6026052670130982,120,"(870, 720)",470
0.6030864629278866,120,"(570, 270)",470
0.6056582049339179,120,"(270, 420)",470
0.6091778235400483,120,"(870, 645)",470
0.6095689605372187,120,"(270, 720)",470
0.6101723464180315,120,"(195, 345)",470
0.6104427668848206,120,"(270, 495)",470
0.6106646137355596,120,"(495, 495)",470
0.6106710870611407,120,"(345, 645)",470
0.6120906857318286,120,"(645, 570)",470
0.615276755739051,120,"(120, 570)",470
0.6172641862745176,120,"(195, 495)",470
0.6180205692099162,120,"(195, 420)",470
0.6181891513320699,120,"(795, 645)",470
0.6182621358978783,120,"(570, 495)",470
0.6216009970440585,120,"(495, 645)",470
0.6221662804674272,120,"(345, 495)",470
0.622962122738398,120,"(195, 720)",470
0.6233303274224906,120,"(720, 645)",470
0.6271195346573335,120,"(345, 570)",470
0.63068914026454,120,"(120, 645)",470
0.6316331349026337,120,"(420, 645)",470
0.6318670631894123,120,"(420, 495)",470
0.6351114781044934,120,"(570, 720)",470
0.6423079530443475,120,"(120, 720)",470
0.6427974383003943,120,"(570, 645)",470
0.6442980382628837,120,"(495, 570)",470
0.6443630341941211,120,"(645, 645)",470
0.6446683882617742,120,"(570, 570)",470
0.6467904822417145,120,"(420, 570)",470
0.6578445756261843,120,"(795, 720)",470
0.6656133601262968,120,"(645, 720)",470
0.6682508282771934,120,"(720, 720)",470
0.0,120,"(795, 270)",500
0.0,120,"(870, 270)",500
0.0,120,"(720, 345)",500
0.0,120,"(795, 345)",500
0.0,120,"(870, 345)",500
0.0,120,"(945, 345)",500
0.0,120,"(645, 420)",500
0.0,120,"(720, 420)",500
0.0,120,"(795, 420)",500
0.0,120,"(870, 420)",500
0.0,120,"(945, 420)",500
0.0,120,"(1020, 420)",500
0.0,120,"(645, 495)",500
0.0,120,"(720, 495)",500
0.0,120,"(795, 495)",500
0.0,120,"(870, 495)",500
0.0,120,"(945, 495)",500
0.0,120,"(1020, 495)",500
0.0,120,"(645, 570)",500
0.0,120,"(720, 570)",500
0.0,120,"(795, 570)",500
0.0,120,"(870, 570)",500
0.0,120,"(945, 570)",500
0.0,120,"(1020, 570)",500
0.0,120,"(720, 645)",500
0.0,120,"(795, 645)",500
0.0,120,"(870, 645)",500
0.0,120,"(945, 645)",500
0.36732864089007194,120,"(1095, 120)",500
0.3827390087160619,120,"(1095, 645)",500
0.40401196638251236,120,"(1095, 195)",500
0.4099527508983785,120,"(1095, 720)",500
0.42904504622663175,120,"(1020, 120)",500
0.45677790786154354,120,"(1095, 570)",500
0.47925660840216566,120,"(1095, 270)",500
0.4818190843003381,120,"(1020, 195)",500
0.4880477706878692,120,"(1020, 645)",500
0.5064800726998276,120,"(1020, 720)",500
0.5174736927991134,120,"(945, 120)",500
0.5344751929431618,120,"(1020, 270)",500
0.5524672947761563,120,"(1095, 495)",500
0.560515700481405,120,"(945, 195)",500
0.5695575017325983,120,"(1095, 345)",500
0.5758018024193521,120,"(270, 495)",500
0.5846986917238151,120,"(345, 495)",500
0.587320372740376,120,"(945, 270)",500
0.5883274201544435,120,"(270, 570)",500
0.5921338060983755,120,"(345, 570)",500
0.5968483536918202,120,"(870, 120)",500
0.5985841955244099,120,"(1020, 345)",500
0.6124243386574362,120,"(1095, 420)",500
0.6126899566143039,120,"(945, 720)",500
0.6132495373044762,120,"(720, 270)",500
0.6158170809644257,120,"(870, 195)",500
0.6211561890322771,120,"(120, 120)",500
0.6265553694695487,120,"(795, 195)",500
0.6387887083799889,120,"(720, 195)",500
0.6410138561115903,120,"(195, 120)",500
0.6429043719752439,120,"(795, 120)",500
0.643647302660729,120,"(570, 120)",500
0.6436594090942122,120,"(645, 120)",500
0.6481642888656848,120,"(645, 195)",500
0.6499804089264685,120,"(195, 495)",500
0.6512123502652232,120,"(120, 195)",500
0.6518057477593449,120,"(645, 270)",500
0.6542447561031831,120,"(720, 120)",500
0.656117315357204,120,"(195, 570)",500
0.6578480294479746,120,"(270, 420)",500
0.6595841353994777,120,"(495, 120)",500
0.6633237610260713,120,"(345, 420)",500
0.6637525787446258,120,"(570, 195)",500
0.6646621095583467,120,"(195, 195)",500
0.6698376922360402,120,"(270, 120)",500
0.6702089812966276,120,"(645, 345)",500
0.6709955224697446,120,"(345, 270)",500
0.6712345833670106,120,"(495, 195)",500
0.6773968486749236,120,"(120, 270)",500
0.6796278191387952,120,"(420, 495)",500
0.680217890148526,120,"(570, 270)",500
0.681088559357592,120,"(420, 270)",500
0.6822620074852985,120,"(420, 195)",500
0.6826186263790435,120,"(870, 720)",500
0.6833292475404343,120,"(270, 195)",500
0.6840044022003431,120,"(270, 270)",500
0.6844391342366117,120,"(345, 345)",500
0.6851592676216067,120,"(345, 195)",500
0.6860474492740901,120,"(270, 645)",500
0.6865184040133784,120,"(195, 270)",500
0.6878212000970269,120,"(120, 720)",500
0.6883197173077947,120,"(345, 120)",500
0.6889475251611649,120,"(420, 570)",500
0.6891461817196222,120,"(270, 345)",500
0.689416787030225,120,"(120, 495)",500
0.6894804169144865,120,"(195, 420)",500
0.6896139039863826,120,"(420, 120)",500
0.689920559270309,120,"(495, 270)",500
0.6931039848856286,120,"(120, 345)",500
0.6938271599830621,120,"(195, 345)",500
0.6941198115180103,120,"(345, 645)",500
0.694360449891879,120,"(120, 420)",500
0.6988673712343035,120,"(420, 345)",500
0.7036257777351804,120,"(120, 570)",500
0.7049191852609615,120,"(795, 720)",500
0.7081920475533139,120,"(570, 345)",500
0.7157220318776837,120,"(420, 420)",500
0.7173189672781103,120,"(120, 645)",500
0.7181765204131207,120,"(195, 645)",500
0.7205000144609396,120,"(720, 720)",500
0.7206017297846234,120,"(495, 345)",500
0.7319634812673267,120,"(570, 420)",500
0.7377137304653233,120,"(645, 645)",500
0.7402063032157231,120,"(645, 720)",500
0.7445765017438465,120,"(195, 720)",500
0.7484665781814327,120,"(570, 495)",500
0.7525254643299338,120,"(495, 420)",500
0.75300534415594,120,"(495, 495)",500
0.7616460200628531,120,"(570, 570)",500
0.7660421756375154,120,"(495, 570)",500
0.7686744687932499,120,"(570, 720)",500
0.7718335306051054,120,"(420, 645)",500
0.7725681650651333,120,"(570, 645)",500
0.7794814115131784,120,"(270, 720)",500
0.7985209747134353,120,"(495, 720)",500
0.7988280799622062,120,"(495, 645)",500
0.8015252451316127,120,"(345, 720)",500
0.8136434103075407,120,"(420, 720)",500
0.38430689242286953,120,"(1095, 420)",563
0.4014198093978121,120,"(1095, 345)",563
0.4030085048508165,120,"(1095, 495)",563
0.4113450800155338,120,"(1020, 420)",563
0.4273811460821919,120,"(1020, 345)",563
0.4345568926139947,120,"(1020, 495)",563
0.43505315086883817,120,"(1095, 570)",563
0.44677582005890015,120,"(1095, 645)",563
0.4506184318142533,120,"(1095, 270)",563
0.4719047335459695,120,"(1020, 270)",563
0.4735613310325376,120,"(945, 420)",563
0.48145244189082265,120,"(1020, 570)",563
0.48308686293834796,120,"(945, 345)",563
0.4926112639833739,120,"(1095, 720)",563
0.4945994717516555,120,"(1095, 195)",563
0.49880305581885,120,"(945, 495)",563
0.5096404542455502,120,"(1095, 120)",563
0.510847768773846,120,"(945, 270)",563
0.5135194597383597,120,"(1020, 195)",563
0.5163840963076791,120,"(1020, 120)",563
0.5222636085248443,120,"(945, 120)",563
0.5277897732387938,120,"(1020, 645)",563
0.5303440825138882,120,"(945, 195)",563
0.5321323855496263,120,"(870, 120)",563
0.5346132788665654,120,"(945, 570)",563
0.5416828914688693,120,"(870, 345)",563
0.5438244341941395,120,"(795, 120)",563
0.5450329896130006,120,"(870, 420)",563
0.5491516287222856,120,"(870, 195)",563
0.5505862186467505,120,"(870, 270)",563
0.5510353399914633,120,"(1020, 720)",563
0.5536494240402402,120,"(120, 120)",563
0.5558238792855186,120,"(720, 120)",563
0.5618884152063801,120,"(945, 720)",563
0.5625962162930602,120,"(195, 120)",563
0.5643246866682099,120,"(795, 195)",563
0.5649892538367365,120,"(645, 120)",563
0.5650460488650947,120,"(870, 495)",563
0.5690465398670357,120,"(945, 645)",563
0.5693999154995382,120,"(270, 120)",563
0.5701211524260283,120,"(120, 195)",563
0.571324886283819,120,"(570, 120)",563
0.5736352185253444,120,"(870, 720)",563
0.5737405654937716,120,"(345, 120)",563
0.5745539162578883,120,"(495, 120)",563
0.5746285806346184,120,"(720, 195)",563
0.5753807877799996,120,"(420, 120)",563
0.5801724081449025,120,"(195, 195)",563
0.5818736521399185,120,"(795, 270)",563
0.5828955268455455,120,"(645, 195)",563
0.5860352296862291,120,"(120, 270)",563
0.5866284133115536,120,"(870, 570)",563
0.587947110819548,120,"(270, 195)",563
0.5889683374704702,120,"(795, 345)",563
0.5900645850070316,120,"(570, 195)",563
0.59254291061498,120,"(720, 270)",563
0.5929700986017391,120,"(345, 195)",563
0.593920097175526,120,"(495, 195)",563
0.5948825301374682,120,"(420, 195)",563
0.5960522683650674,120,"(795, 420)",563
0.5966184700847447,120,"(870, 645)",563
0.5971171893581119,120,"(195, 270)",563
0.5999696852692662,120,"(645, 270)",563
0.6009650435018484,120,"(795, 720)",563
0.6013559878336128,120,"(120, 345)",563
0.6061454052347323,120,"(270, 270)",563
0.6065079797704395,120,"(720, 345)",563
0.6066466240406594,120,"(795, 495)",563
0.6079512990217288,120,"(570, 270)",563
0.6120918582949026,120,"(345, 270)",563
0.6128500140302062,120,"(495, 270)",563
0.6130640290603367,120,"(795, 570)",563
0.6132143903106979,120,"(195, 345)",563
0.6143835509044324,120,"(420, 270)",563
0.6151623467852617,120,"(795, 645)",563
0.6153816117275763,120,"(120, 420)",563
0.6154887371662998,120,"(645, 345)",563
0.6164897922623176,120,"(720, 420)",563
0.6237751742678007,120,"(270, 345)",563
0.6253088023460213,120,"(570, 345)",563
0.6255669769885785,120,"(720, 495)",563
0.6257785961853236,120,"(120, 495)",563
0.6283295965973068,120,"(195, 420)",563
0.629869625533616,120,"(720, 720)",563
0.6300253653364972,120,"(645, 420)",563
0.6300975962126213,120,"(120, 720)",563
0.6310281255784562,120,"(345, 345)",563
0.6317030541972946,120,"(120, 570)",563
0.6318609255571918,120,"(495, 345)",563
0.6321512618519444,120,"(720, 570)",563
0.6338832999174143,120,"(420, 345)",563
0.6343140761334255,120,"(120, 645)",563
0.6344841762937511,120,"(720, 645)",563
0.640406826129971,120,"(270, 420)",563
0.6410072951671856,120,"(195, 495)",563
0.6420203030366207,120,"(195, 720)",563
0.6423108612512546,120,"(570, 420)",563
0.6424223314258487,120,"(645, 495)",563
0.6492988651500737,120,"(195, 570)",563
0.6496059355666225,120,"(345, 420)",563
0.6496914164011127,120,"(645, 720)",563
0.6506963885030068,120,"(495, 420)",563
0.6509508616358417,120,"(645, 570)",563
0.6533804773230405,120,"(420, 420)",563
0.6534566893015221,120,"(195, 645)",563
0.6537806378659391,120,"(645, 645)",563
0.6551567760208761,120,"(270, 495)",563
0.6575653970830025,120,"(570, 495)",563
0.6587494503066129,120,"(270, 720)",563
0.6662280327748653,120,"(270, 570)",563
0.6673609271293363,120,"(345, 495)",563
0.6675392977594672,120,"(570, 720)",563
0.6689130864161628,120,"(495, 495)",563
0.6690959154211567,120,"(570, 570)",563
0.6706907816945185,120,"(270, 645)",563
0.6712361554138405,120,"(345, 720)",563
0.6728710977860088,120,"(420, 495)",563
0.6730366661334038,120,"(420, 720)",563
0.6732763900737818,120,"(570, 645)",563
0.6743814871027297,120,"(495, 720)",563
0.682677664662652,120,"(345, 570)",563
0.6851467667614172,120,"(495, 570)",563
0.6894258419764256,120,"(345, 645)",563
0.6923341775386205,120,"(420, 570)",563
0.6927525146387733,120,"(495, 645)",563
0.708450776517097,120,"(420, 645)",563
